{"timestamps": [1503112902.2392066, 1503112919.8878267, 1503112938.766554, 1503112957.6335251, 1503112976.6733692, 1503112995.6986377, 1503113013.5684788, 1503113031.4135106, 1503113049.8177068, 1503113068.8331437], "initial_reset_timestamp": 1503112883.6524289, "episode_lengths": [500, 500, 500, 500, 500, 500, 500, 500, 500, 500], "episode_types": ["t", "t", "t", "t", "t", "t", "t", "t", "t", "t", "t", "t"], "episode_rewards": [500.0, 500.0, 500.0, 500.0, 500.0, 500.0, 500.0, 500.0, 500.0, 500.0]}